{
    "rmse": 0.7331162974967478,
    "mae": 0.5623558652070159,
    "r2": 0.2476507357405564
}